{
  "bench_dir": "experiments/exp1_dag_test/20260221-154137-1365021",
  "n_examples": 1,
  "modes": {
    "lp": {
      "n_scored": 1,
      "avg_score": 0.6666666666666666,
      "by_benchmark": {
        "workflowbench": 0.6666666666666666
      },
      "avg_models_swapped_in": 3.0,
      "avg_estimated_switch_cost_ms": 4200.0,
      "avg_active_model_count": 3.0,
      "avg_vram_used_gb": 21.0,
      "run_dir": "experiments/exp1_dag_test/20260221-154137-1365021/runs/20260221-154137-1365021-lp",
      "vram_violation_rate": 1.0,
      "vram_violation_count": 1,
      "score_min": 0.6666666666666666,
      "score_max": 0.6666666666666666,
      "avg_total_cost_est": 262.2,
      "avg_total_latency_ms": 15.0,
      "total_latency_ms_sum": 15.0,
      "avg_total_prompt_tokens": 107.0,
      "total_prompt_tokens_sum": 107,
      "avg_total_completion_tokens": 114.0,
      "total_completion_tokens_sum": 114,
      "avg_score_per_token_cost": 0.0025839793281653744,
      "avg_lp_solve_time_ms": 1.3058185577392578,
      "total_lp_solve_time_ms": 1.3058185577392578
    }
  },
  "report_csv": "experiments/exp1_dag_test/20260221-154137-1365021/report.csv",
  "outputs_jsonl": "experiments/exp1_dag_test/20260221-154137-1365021/outputs.jsonl"
}