{
  "bench_dir": "experiments/exp1_vram_stress/20260221-232915-8683",
  "n_examples": 3,
  "modes": {
    "lp": {
      "n_scored": 3,
      "avg_score": 0.7407407407407408,
      "by_benchmark": {
        "workflowbench": 0.7407407407407408
      },
      "avg_models_swapped_in": 1.0,
      "avg_estimated_switch_cost_ms": 1400.0,
      "avg_active_model_count": 2.0,
      "avg_vram_used_gb": 17.5,
      "run_dir": "experiments/exp1_vram_stress/20260221-232915-8683/runs/20260221-232915-8683-lp",
      "vram_violation_rate": 0.0,
      "vram_violation_count": 0,
      "score_std": 0.357172,
      "score_min": 0.3333333333333333,
      "score_max": 1.0,
      "avg_total_cost_est": 1418.2,
      "avg_total_latency_ms": 24430.046760787565,
      "total_latency_ms_sum": 73290.1402823627,
      "avg_total_prompt_tokens": 212.33333333333334,
      "total_prompt_tokens_sum": 637,
      "avg_total_completion_tokens": 572.3333333333334,
      "total_completion_tokens_sum": 1717,
      "avg_score_per_token_cost": 0.0007744432378474006,
      "avg_lp_solve_time_ms": 2.0186901092529297,
      "total_lp_solve_time_ms": 6.056070327758789
    },
    "llm": {
      "n_scored": 3,
      "avg_score": 0.7777777777777778,
      "by_benchmark": {
        "workflowbench": 0.7777777777777778
      },
      "avg_models_swapped_in": 0.3333333333333333,
      "avg_estimated_switch_cost_ms": 200.0,
      "avg_active_model_count": 1.0,
      "avg_vram_used_gb": 2.0,
      "run_dir": "experiments/exp1_vram_stress/20260221-232915-8683/runs/20260221-232915-8683-llm",
      "vram_violation_rate": 0.0,
      "vram_violation_count": 0,
      "score_std": 0.3849,
      "score_min": 0.3333333333333333,
      "score_max": 1.0,
      "avg_total_cost_est": 238.0666666666667,
      "avg_total_latency_ms": 16973.872469738126,
      "total_latency_ms_sum": 50921.61740921438,
      "avg_total_prompt_tokens": 217.33333333333334,
      "total_prompt_tokens_sum": 652,
      "avg_total_completion_tokens": 377.3333333333333,
      "total_completion_tokens_sum": 1132,
      "avg_score_per_token_cost": 0.0033806961568598054
    }
  },
  "comparison_lp_vs_llm": {
    "avg_score_lp_minus_llm": -0.037037,
    "avg_score_lp_vs_llm_pct": -4.76,
    "avg_models_swapped_in_lp_minus_llm": 0.666667,
    "avg_models_swapped_in_lp_vs_llm_pct": 200.0,
    "avg_estimated_switch_cost_ms_lp_minus_llm": 1200.0,
    "avg_estimated_switch_cost_ms_lp_vs_llm_pct": 600.0,
    "avg_vram_used_gb_lp_minus_llm": 15.5,
    "avg_vram_used_gb_lp_vs_llm_pct": 775.0,
    "avg_total_latency_ms_lp_minus_llm": 7456.174291,
    "avg_total_latency_ms_lp_vs_llm_pct": 43.93,
    "avg_score_per_token_cost_lp_minus_llm": -0.002606,
    "avg_score_per_token_cost_lp_vs_llm_pct": -77.09,
    "vram_violation_rate_lp": 0.0,
    "vram_violation_rate_llm": 0.0,
    "jobs_lp_won": 0,
    "jobs_llm_won": 1,
    "jobs_tied": 2,
    "jobs_won_summary": "LP 0 / LLM 1 / tied 2",
    "routing_divergence_pct": 88.9,
    "when_differed_lp_better": 0,
    "when_differed_llm_better": 1,
    "when_differed_tie": 7,
    "total_subtasks_compared": 9
  },
  "report_csv": "experiments/exp1_vram_stress/20260221-232915-8683/report.csv",
  "outputs_jsonl": "experiments/exp1_vram_stress/20260221-232915-8683/outputs.jsonl"
}