{
  "bench_dir": "experiments/exp1_vram_stress/20260221-141650-1168867",
  "n_examples": 3,
  "modes": {
    "lp": {
      "n_scored": 3,
      "avg_score": 0.7407407407407408,
      "by_benchmark": {
        "workflowbench": 0.7407407407407408
      },
      "avg_models_swapped_in": 0.3333333333333333,
      "avg_estimated_switch_cost_ms": 400.0,
      "avg_active_model_count": 1.0,
      "avg_vram_used_gb": 6.5,
      "run_dir": "experiments/exp1_vram_stress/20260221-141650-1168867/runs/20260221-141650-1168867-lp",
      "vram_violation_rate": 0.0,
      "vram_violation_count": 0,
      "score_std": 0.357172,
      "score_min": 0.3333333333333333,
      "score_max": 1.0,
      "avg_total_cost_est": 688.4,
      "avg_utility_efficiency": 0.0031242420573994577,
      "avg_total_latency_ms": 153099.26147200167,
      "total_latency_ms_sum": 459297.784416005,
      "avg_total_prompt_tokens": 208.66666666666666,
      "total_prompt_tokens_sum": 626,
      "avg_total_completion_tokens": 364.6666666666667,
      "total_completion_tokens_sum": 1094,
      "avg_score_per_token_cost": 0.0012521333347110671,
      "avg_lp_objective_value": 1.4960000000000002,
      "avg_chosen_utility": 1.4960000000000002
    },
    "llm": {
      "n_scored": 3,
      "avg_score": 0.4444444444444444,
      "by_benchmark": {
        "workflowbench": 0.4444444444444444
      },
      "avg_models_swapped_in": 1.0,
      "avg_estimated_switch_cost_ms": 1133.3333333333333,
      "avg_active_model_count": 1.6666666666666667,
      "avg_vram_used_gb": 6.833333333333333,
      "run_dir": "experiments/exp1_vram_stress/20260221-141650-1168867/runs/20260221-141650-1168867-llm",
      "vram_violation_rate": 0.3333333333333333,
      "vram_violation_count": 1,
      "score_std": 0.509175,
      "score_min": 0.0,
      "score_max": 1.0,
      "avg_oracle_gap_pct": 20.17,
      "avg_total_cost_est": 283.46666666666664,
      "avg_utility_efficiency": 0.005378613236154323,
      "avg_total_latency_ms": 25510.189193979993,
      "total_latency_ms_sum": 76530.56758193998,
      "avg_total_prompt_tokens": 96.0,
      "total_prompt_tokens_sum": 288,
      "avg_total_completion_tokens": 110.66666666666667,
      "total_completion_tokens_sum": 332,
      "avg_score_per_token_cost": 0.0018589420254198497,
      "avg_chosen_utility": 1.1982333333333333
    }
  },
  "comparison_lp_vs_llm": {
    "avg_score_lp_minus_llm": 0.296296,
    "avg_score_lp_vs_llm_pct": 66.67,
    "avg_models_swapped_in_lp_minus_llm": -0.666667,
    "avg_models_swapped_in_lp_vs_llm_pct": -66.67,
    "avg_estimated_switch_cost_ms_lp_minus_llm": -733.333333,
    "avg_estimated_switch_cost_ms_lp_vs_llm_pct": -64.71,
    "avg_vram_used_gb_lp_minus_llm": -0.333333,
    "avg_vram_used_gb_lp_vs_llm_pct": -4.88,
    "avg_total_latency_ms_lp_minus_llm": 127589.072278,
    "avg_total_latency_ms_lp_vs_llm_pct": 500.15,
    "avg_score_per_token_cost_lp_minus_llm": -0.000607,
    "avg_score_per_token_cost_lp_vs_llm_pct": -32.64,
    "avg_chosen_utility_lp_minus_llm": 0.297767,
    "avg_chosen_utility_lp_vs_llm_pct": 24.85,
    "avg_utility_efficiency_lp_minus_llm": -0.002254,
    "avg_utility_efficiency_lp_vs_llm_pct": -41.91,
    "vram_violation_rate_lp": 0.0,
    "vram_violation_rate_llm": 0.3333333333333333,
    "llm_avg_oracle_gap_pct": 20.17,
    "jobs_lp_won": 2,
    "jobs_llm_won": 0,
    "jobs_tied": 1,
    "jobs_won_summary": "LP 2 / LLM 0 / tied 1",
    "routing_divergence_pct": 88.9,
    "when_differed_lp_better": 2,
    "when_differed_llm_better": 1,
    "when_differed_tie": 5,
    "total_subtasks_compared": 9
  },
  "report_csv": "experiments/exp1_vram_stress/20260221-141650-1168867/report.csv",
  "outputs_jsonl": "experiments/exp1_vram_stress/20260221-141650-1168867/outputs.jsonl"
}