{
  "bench_dir": "experiments/exp_vram24_h10_l3/20260222-002256-14570",
  "n_examples": 3,
  "modes": {
    "lp": {
      "n_scored": 3,
      "avg_score": 0.7407407407407408,
      "by_benchmark": {
        "workflowbench": 0.7407407407407408
      },
      "avg_models_swapped_in": 0.3333333333333333,
      "avg_estimated_switch_cost_ms": 400.0,
      "avg_active_model_count": 1.0,
      "avg_vram_used_gb": 6.5,
      "run_dir": "experiments/exp_vram24_h10_l3/20260222-002256-14570/runs/20260222-002256-14570-lp",
      "vram_violation_rate": 0.0,
      "vram_violation_count": 0,
      "score_std": 0.357172,
      "score_min": 0.3333333333333333,
      "score_max": 1.0,
      "avg_total_cost_est": 682.4,
      "avg_total_latency_ms": 5612.894773328056,
      "total_latency_ms_sum": 16838.684319984168,
      "avg_total_prompt_tokens": 208.66666666666666,
      "total_prompt_tokens_sum": 626,
      "avg_total_completion_tokens": 359.6666666666667,
      "total_completion_tokens_sum": 1079,
      "avg_score_per_token_cost": 0.0012329437265532163,
      "avg_lp_solve_time_ms": 2.781391143798828,
      "total_lp_solve_time_ms": 8.344173431396484
    },
    "llm": {
      "n_scored": 3,
      "avg_score": 0.7407407407407408,
      "by_benchmark": {
        "workflowbench": 0.7407407407407408
      },
      "avg_models_swapped_in": 1.0,
      "avg_estimated_switch_cost_ms": 1133.3333333333333,
      "avg_active_model_count": 2.0,
      "avg_vram_used_gb": 13.0,
      "run_dir": "experiments/exp_vram24_h10_l3/20260222-002256-14570/runs/20260222-002256-14570-llm",
      "vram_violation_rate": 0.0,
      "vram_violation_count": 0,
      "score_std": 0.357172,
      "score_min": 0.3333333333333333,
      "score_max": 1.0,
      "avg_total_cost_est": 706.8000000000001,
      "avg_total_latency_ms": 5486.0365451313555,
      "total_latency_ms_sum": 16458.109635394067,
      "avg_total_prompt_tokens": 210.33333333333334,
      "total_prompt_tokens_sum": 631,
      "avg_total_completion_tokens": 337.3333333333333,
      "total_completion_tokens_sum": 1012,
      "avg_score_per_token_cost": 0.0012403858485654895
    }
  },
  "comparison_lp_vs_llm": {
    "avg_score_lp_minus_llm": 0.0,
    "avg_score_lp_vs_llm_pct": 0.0,
    "avg_models_swapped_in_lp_minus_llm": -0.666667,
    "avg_models_swapped_in_lp_vs_llm_pct": -66.67,
    "avg_estimated_switch_cost_ms_lp_minus_llm": -733.333333,
    "avg_estimated_switch_cost_ms_lp_vs_llm_pct": -64.71,
    "avg_vram_used_gb_lp_minus_llm": -6.5,
    "avg_vram_used_gb_lp_vs_llm_pct": -50.0,
    "avg_total_latency_ms_lp_minus_llm": 126.858228,
    "avg_total_latency_ms_lp_vs_llm_pct": 2.31,
    "avg_score_per_token_cost_lp_minus_llm": -7e-06,
    "avg_score_per_token_cost_lp_vs_llm_pct": -0.6,
    "vram_violation_rate_lp": 0.0,
    "vram_violation_rate_llm": 0.0,
    "jobs_lp_won": 0,
    "jobs_llm_won": 0,
    "jobs_tied": 3,
    "jobs_won_summary": "LP 0 / LLM 0 / tied 3",
    "routing_divergence_pct": 77.8,
    "when_differed_lp_better": 0,
    "when_differed_llm_better": 0,
    "when_differed_tie": 7,
    "total_subtasks_compared": 9
  },
  "report_csv": "experiments/exp_vram24_h10_l3/20260222-002256-14570/report.csv",
  "outputs_jsonl": "experiments/exp_vram24_h10_l3/20260222-002256-14570/outputs.jsonl"
}