{
  "bench_dir": "experiments/exp1_vram_stress/20260221-152505-1305872",
  "n_examples": 3,
  "modes": {
    "lp": {
      "n_scored": 3,
      "avg_score": 0.7407407407407408,
      "by_benchmark": {
        "workflowbench": 0.7407407407407408
      },
      "avg_models_swapped_in": 1.6666666666666667,
      "avg_estimated_switch_cost_ms": 2133.3333333333335,
      "avg_active_model_count": 2.0,
      "avg_vram_used_gb": 12.5,
      "run_dir": "experiments/exp1_vram_stress/20260221-152505-1305872/runs/20260221-152505-1305872-lp",
      "vram_violation_rate": 0.6666666666666666,
      "vram_violation_count": 2,
      "score_std": 0.357172,
      "score_min": 0.3333333333333333,
      "score_max": 1.0,
      "avg_total_cost_est": 679.4,
      "avg_total_latency_ms": 77769.52041497377,
      "total_latency_ms_sum": 233308.5612449213,
      "avg_total_prompt_tokens": 211.66666666666666,
      "total_prompt_tokens_sum": 635,
      "avg_total_completion_tokens": 339.3333333333333,
      "total_completion_tokens_sum": 1018,
      "avg_score_per_token_cost": 0.0012533735997494755,
      "avg_lp_solve_time_ms": 0.7186730702718099,
      "total_lp_solve_time_ms": 2.1560192108154297
    },
    "llm": {
      "n_scored": 3,
      "avg_score": 0.7407407407407408,
      "by_benchmark": {
        "workflowbench": 0.7407407407407408
      },
      "avg_models_swapped_in": 0.3333333333333333,
      "avg_estimated_switch_cost_ms": 200.0,
      "avg_active_model_count": 1.0,
      "avg_vram_used_gb": 2.0,
      "run_dir": "experiments/exp1_vram_stress/20260221-152505-1305872/runs/20260221-152505-1305872-llm",
      "vram_violation_rate": 0.0,
      "vram_violation_count": 0,
      "score_std": 0.357172,
      "score_min": 0.3333333333333333,
      "score_max": 1.0,
      "avg_total_cost_est": 236.46666666666667,
      "avg_total_latency_ms": 42901.9775337268,
      "total_latency_ms_sum": 128705.9326011804,
      "avg_total_prompt_tokens": 217.33333333333334,
      "total_prompt_tokens_sum": 652,
      "avg_total_completion_tokens": 373.3333333333333,
      "total_completion_tokens_sum": 1120,
      "avg_score_per_token_cost": 0.003277556170277957
    }
  },
  "comparison_lp_vs_llm": {
    "avg_score_lp_minus_llm": 0.0,
    "avg_score_lp_vs_llm_pct": 0.0,
    "avg_models_swapped_in_lp_minus_llm": 1.333333,
    "avg_models_swapped_in_lp_vs_llm_pct": 400.0,
    "avg_estimated_switch_cost_ms_lp_minus_llm": 1933.333333,
    "avg_estimated_switch_cost_ms_lp_vs_llm_pct": 966.67,
    "avg_vram_used_gb_lp_minus_llm": 10.5,
    "avg_vram_used_gb_lp_vs_llm_pct": 525.0,
    "avg_total_latency_ms_lp_minus_llm": 34867.542881,
    "avg_total_latency_ms_lp_vs_llm_pct": 81.27,
    "avg_score_per_token_cost_lp_minus_llm": -0.002024,
    "avg_score_per_token_cost_lp_vs_llm_pct": -61.76,
    "vram_violation_rate_lp": 0.6666666666666666,
    "vram_violation_rate_llm": 0.0,
    "jobs_lp_won": 0,
    "jobs_llm_won": 0,
    "jobs_tied": 3,
    "jobs_won_summary": "LP 0 / LLM 0 / tied 3",
    "routing_divergence_pct": 77.8,
    "when_differed_lp_better": 0,
    "when_differed_llm_better": 0,
    "when_differed_tie": 7,
    "total_subtasks_compared": 9
  },
  "report_csv": "experiments/exp1_vram_stress/20260221-152505-1305872/report.csv",
  "outputs_jsonl": "experiments/exp1_vram_stress/20260221-152505-1305872/outputs.jsonl"
}