{
  "bench_dir": "experiments/exp1_vram_stress/20260221-234936-11560",
  "n_examples": 3,
  "modes": {
    "lp": {
      "n_scored": 3,
      "avg_score": 0.7407407407407408,
      "by_benchmark": {
        "workflowbench": 0.7407407407407408
      },
      "avg_models_swapped_in": 0.3333333333333333,
      "avg_estimated_switch_cost_ms": 400.0,
      "avg_active_model_count": 1.0,
      "avg_vram_used_gb": 6.5,
      "run_dir": "experiments/exp1_vram_stress/20260221-234936-11560/runs/20260221-234936-11560-lp",
      "vram_violation_rate": 0.0,
      "vram_violation_count": 0,
      "score_std": 0.357172,
      "score_min": 0.3333333333333333,
      "score_max": 1.0,
      "avg_total_cost_est": 673.1999999999999,
      "avg_total_latency_ms": 16797.736261505634,
      "total_latency_ms_sum": 50393.2087845169,
      "avg_total_prompt_tokens": 208.66666666666666,
      "total_prompt_tokens_sum": 626,
      "avg_total_completion_tokens": 352.0,
      "total_completion_tokens_sum": 1056,
      "avg_score_per_token_cost": 0.0012158125952527019,
      "avg_lp_solve_time_ms": 2.8504530588785806,
      "total_lp_solve_time_ms": 8.551359176635742
    },
    "llm": {
      "n_scored": 3,
      "avg_score": 0.6296296296296295,
      "by_benchmark": {
        "workflowbench": 0.6296296296296295
      },
      "avg_models_swapped_in": 0.3333333333333333,
      "avg_estimated_switch_cost_ms": 1133.3333333333333,
      "avg_active_model_count": 1.0,
      "avg_vram_used_gb": 2.0,
      "run_dir": "experiments/exp1_vram_stress/20260221-234936-11560/runs/20260221-234936-11560-llm",
      "vram_violation_rate": 0.0,
      "vram_violation_count": 0,
      "score_std": 0.33945,
      "score_min": 0.3333333333333333,
      "score_max": 1.0,
      "avg_total_cost_est": 230.73333333333335,
      "avg_total_latency_ms": 9867.383769558122,
      "total_latency_ms_sum": 29602.151308674365,
      "avg_total_prompt_tokens": 217.33333333333334,
      "total_prompt_tokens_sum": 652,
      "avg_total_completion_tokens": 356.6666666666667,
      "total_completion_tokens_sum": 1070,
      "avg_score_per_token_cost": 0.0031319066007072225
    }
  },
  "comparison_lp_vs_llm": {
    "avg_score_lp_minus_llm": 0.111111,
    "avg_score_lp_vs_llm_pct": 17.65,
    "avg_models_swapped_in_lp_minus_llm": 0.0,
    "avg_models_swapped_in_lp_vs_llm_pct": 0.0,
    "avg_estimated_switch_cost_ms_lp_minus_llm": -733.333333,
    "avg_estimated_switch_cost_ms_lp_vs_llm_pct": -64.71,
    "avg_vram_used_gb_lp_minus_llm": 4.5,
    "avg_vram_used_gb_lp_vs_llm_pct": 225.0,
    "avg_total_latency_ms_lp_minus_llm": 6930.352492,
    "avg_total_latency_ms_lp_vs_llm_pct": 70.23,
    "avg_score_per_token_cost_lp_minus_llm": -0.001916,
    "avg_score_per_token_cost_lp_vs_llm_pct": -61.18,
    "vram_violation_rate_lp": 0.0,
    "vram_violation_rate_llm": 0.0,
    "jobs_lp_won": 1,
    "jobs_llm_won": 0,
    "jobs_tied": 2,
    "jobs_won_summary": "LP 1 / LLM 0 / tied 2",
    "routing_divergence_pct": 100.0,
    "when_differed_lp_better": 1,
    "when_differed_llm_better": 0,
    "when_differed_tie": 8,
    "total_subtasks_compared": 9
  },
  "report_csv": "experiments/exp1_vram_stress/20260221-234936-11560/report.csv",
  "outputs_jsonl": "experiments/exp1_vram_stress/20260221-234936-11560/outputs.jsonl"
}