{
  "bench_dir": "experiments/exp2_vram_48/20260221-235849-12139",
  "n_examples": 3,
  "modes": {
    "lp": {
      "n_scored": 3,
      "avg_score": 0.7407407407407408,
      "by_benchmark": {
        "workflowbench": 0.7407407407407408
      },
      "avg_models_swapped_in": 0.3333333333333333,
      "avg_estimated_switch_cost_ms": 400.0,
      "avg_active_model_count": 1.0,
      "avg_vram_used_gb": 6.5,
      "run_dir": "experiments/exp2_vram_48/20260221-235849-12139/runs/20260221-235849-12139-lp",
      "vram_violation_rate": 0.0,
      "vram_violation_count": 0,
      "score_std": 0.357172,
      "score_min": 0.3333333333333333,
      "score_max": 1.0,
      "avg_total_cost_est": 664.7999999999998,
      "avg_total_latency_ms": 5779.261939693242,
      "total_latency_ms_sum": 17337.785819079727,
      "avg_total_prompt_tokens": 208.66666666666666,
      "total_prompt_tokens_sum": 626,
      "avg_total_completion_tokens": 345.0,
      "total_completion_tokens_sum": 1035,
      "avg_score_per_token_cost": 0.0012535460934939924,
      "avg_lp_solve_time_ms": 2.489964167277018,
      "total_lp_solve_time_ms": 7.469892501831055
    },
    "llm": {
      "n_scored": 3,
      "avg_score": 0.7407407407407408,
      "by_benchmark": {
        "workflowbench": 0.7407407407407408
      },
      "avg_models_swapped_in": 1.0,
      "avg_estimated_switch_cost_ms": 1400.0,
      "avg_active_model_count": 2.0,
      "avg_vram_used_gb": 17.5,
      "run_dir": "experiments/exp2_vram_48/20260221-235849-12139/runs/20260221-235849-12139-llm",
      "vram_violation_rate": 0.0,
      "vram_violation_count": 0,
      "score_std": 0.357172,
      "score_min": 0.3333333333333333,
      "score_max": 1.0,
      "avg_total_cost_est": 1368.0666666666668,
      "avg_total_latency_ms": 52788.00204070285,
      "total_latency_ms_sum": 158364.00612210855,
      "avg_total_prompt_tokens": 212.33333333333334,
      "total_prompt_tokens_sum": 637,
      "avg_total_completion_tokens": 556.3333333333334,
      "total_completion_tokens_sum": 1669,
      "avg_score_per_token_cost": 0.0007779245674896865
    }
  },
  "comparison_lp_vs_llm": {
    "avg_score_lp_minus_llm": 0.0,
    "avg_score_lp_vs_llm_pct": 0.0,
    "avg_models_swapped_in_lp_minus_llm": -0.666667,
    "avg_models_swapped_in_lp_vs_llm_pct": -66.67,
    "avg_estimated_switch_cost_ms_lp_minus_llm": -1000.0,
    "avg_estimated_switch_cost_ms_lp_vs_llm_pct": -71.43,
    "avg_vram_used_gb_lp_minus_llm": -11.0,
    "avg_vram_used_gb_lp_vs_llm_pct": -62.86,
    "avg_total_latency_ms_lp_minus_llm": -47008.740101,
    "avg_total_latency_ms_lp_vs_llm_pct": -89.05,
    "avg_score_per_token_cost_lp_minus_llm": 0.000476,
    "avg_score_per_token_cost_lp_vs_llm_pct": 61.14,
    "vram_violation_rate_lp": 0.0,
    "vram_violation_rate_llm": 0.0,
    "jobs_lp_won": 0,
    "jobs_llm_won": 0,
    "jobs_tied": 3,
    "jobs_won_summary": "LP 0 / LLM 0 / tied 3",
    "routing_divergence_pct": 77.8,
    "when_differed_lp_better": 0,
    "when_differed_llm_better": 0,
    "when_differed_tie": 7,
    "total_subtasks_compared": 9
  },
  "report_csv": "experiments/exp2_vram_48/20260221-235849-12139/report.csv",
  "outputs_jsonl": "experiments/exp2_vram_48/20260221-235849-12139/outputs.jsonl"
}